<application>
  <component name="libraryTable">
    <library name="bootstrap" type="javaScript">
      <properties>
        <sourceFilesUrls>
          <item url="file://$APPLICATION_CONFIG_DIR$/javascript/extLibs/http_cdnjs.cloudflare.com_ajax_libs_twitter-bootstrap_4.4.1_css_bootstrap.css" />
          <item url="file://$APPLICATION_CONFIG_DIR$/javascript/extLibs/http_cdnjs.cloudflare.com_ajax_libs_twitter-bootstrap_4.4.1_js_bootstrap.js" />
          <item url="file://$APPLICATION_CONFIG_DIR$/javascript/extLibs/http_stackpath.bootstrapcdn.com_bootstrap_4.5.2_css_bootstrap.css" />
        </sourceFilesUrls>
      </properties>
      <CLASSES>
        <root url="file://$APPLICATION_CONFIG_DIR$/javascript/extLibs/http_cdnjs.cloudflare.com_ajax_libs_twitter-bootstrap_4.4.1_css_bootstrap.css" />
        <root url="file://$APPLICATION_CONFIG_DIR$/javascript/extLibs/http_cdnjs.cloudflare.com_ajax_libs_twitter-bootstrap_4.4.1_js_bootstrap.js" />
        <root url="file://$APPLICATION_CONFIG_DIR$/javascript/extLibs/http_stackpath.bootstrapcdn.com_bootstrap_4.5.2_css_bootstrap.css" />
      </CLASSES>
      <SOURCES />
    </library>
    <library name="firebase-analytics" type="javaScript">
      <properties>
        <sourceFilesUrls>
          <item url="file://$APPLICATION_CONFIG_DIR$/javascript/extLibs/http_www.gstatic.com_firebasejs_7.6.1_firebase-analytics.js" />
        </sourceFilesUrls>
      </properties>
      <CLASSES>
        <root url="file://$APPLICATION_CONFIG_DIR$/javascript/extLibs/http_www.gstatic.com_firebasejs_7.6.1_firebase-analytics.js" />
      </CLASSES>
      <SOURCES />
    </library>
    <library name="firebase-app" type="javaScript">
      <properties>
        <sourceFilesUrls>
          <item url="file://$APPLICATION_CONFIG_DIR$/javascript/extLibs/http_www.gstatic.com_firebasejs_7.6.1_firebase-app.js" />
        </sourceFilesUrls>
      </properties>
      <CLASSES>
        <root url="file://$APPLICATION_CONFIG_DIR$/javascript/extLibs/http_www.gstatic.com_firebasejs_7.6.1_firebase-app.js" />
      </CLASSES>
      <SOURCES />
    </library>
    <library name="firebase-auth" type="javaScript">
      <properties>
        <sourceFilesUrls>
          <item url="file://$APPLICATION_CONFIG_DIR$/javascript/extLibs/http_www.gstatic.com_firebasejs_7.6.1_firebase-auth.js" />
        </sourceFilesUrls>
      </properties>
      <CLASSES>
        <root url="file://$APPLICATION_CONFIG_DIR$/javascript/extLibs/http_www.gstatic.com_firebasejs_7.6.1_firebase-auth.js" />
      </CLASSES>
      <SOURCES />
    </library>
    <library name="firebase-database" type="javaScript">
      <properties>
        <sourceFilesUrls>
          <item url="file://$APPLICATION_CONFIG_DIR$/javascript/extLibs/http_www.gstatic.com_firebasejs_7.6.1_firebase-database.js" />
        </sourceFilesUrls>
      </properties>
      <CLASSES>
        <root url="file://$APPLICATION_CONFIG_DIR$/javascript/extLibs/http_www.gstatic.com_firebasejs_7.6.1_firebase-database.js" />
      </CLASSES>
      <SOURCES />
    </library>
    <library name="firebase-firestore" type="javaScript">
      <properties>
        <sourceFilesUrls>
          <item url="file://$APPLICATION_CONFIG_DIR$/javascript/extLibs/http_www.gstatic.com_firebasejs_7.6.1_firebase-firestore.js" />
        </sourceFilesUrls>
      </properties>
      <CLASSES>
        <root url="file://$APPLICATION_CONFIG_DIR$/javascript/extLibs/http_www.gstatic.com_firebasejs_7.6.1_firebase-firestore.js" />
      </CLASSES>
      <SOURCES />
    </library>
    <library name="jquery" type="javaScript">
      <properties>
        <option name="frameworkName" value="jQuery" />
        <sourceFilesUrls>
          <item url="file://$APPLICATION_CONFIG_DIR$/javascript/extLibs/http_cdnjs.cloudflare.com_ajax_libs_jquery_3.4.1_jquery.js" />
        </sourceFilesUrls>
      </properties>
      <CLASSES>
        <root url="file://$APPLICATION_CONFIG_DIR$/javascript/extLibs/http_cdnjs.cloudflare.com_ajax_libs_jquery_3.4.1_jquery.js" />
      </CLASSES>
      <DOCUMENTATION>
        <root url="http://api.jquery.com" />
      </DOCUMENTATION>
      <SOURCES />
    </library>
    <library name="js.cookie" type="javaScript">
      <properties>
        <sourceFilesUrls>
          <item url="file://$APPLICATION_CONFIG_DIR$/javascript/extLibs/http_cdn.jsdelivr.net_npm_js-cookie@2.2.1_src_js.cookie.js" />
        </sourceFilesUrls>
      </properties>
      <CLASSES>
        <root url="file://$APPLICATION_CONFIG_DIR$/javascript/extLibs/http_cdn.jsdelivr.net_npm_js-cookie@2.2.1_src_js.cookie.js" />
      </CLASSES>
      <SOURCES />
    </library>
    <library name="Node.js v0.10.18 Core Modules" type="javaScript">
      <properties>
        <option name="frameworkName" value="Node.js Core Modules" />
        <option name="frameworkVersion" value="v0.10.18" />
      </properties>
      <CLASSES>
        <root url="file://$USER_HOME$/.WebStorm7/system/extLibs/nodejs-v0.10.18-src/core-modules-sources/lib/_debugger.js" />
        <root url="file://$USER_HOME$/.WebStorm7/system/extLibs/nodejs-v0.10.18-src/core-modules-sources/lib/_linklist.js" />
        <root url="file://$USER_HOME$/.WebStorm7/system/extLibs/nodejs-v0.10.18-src/core-modules-sources/lib/_stream_duplex.js" />
        <root url="file://$USER_HOME$/.WebStorm7/system/extLibs/nodejs-v0.10.18-src/core-modules-sources/lib/_stream_passthrough.js" />
        <root url="file://$USER_HOME$/.WebStorm7/system/extLibs/nodejs-v0.10.18-src/core-modules-sources/lib/_stream_readable.js" />
        <root url="file://$USER_HOME$/.WebStorm7/system/extLibs/nodejs-v0.10.18-src/core-modules-sources/lib/_stream_transform.js" />
        <root url="file://$USER_HOME$/.WebStorm7/system/extLibs/nodejs-v0.10.18-src/core-modules-sources/lib/_stream_writable.js" />
        <root url="file://$USER_HOME$/.WebStorm7/system/extLibs/nodejs-v0.10.18-src/core-modules-sources/lib/assert.js" />
        <root url="file://$USER_HOME$/.WebStorm7/system/extLibs/nodejs-v0.10.18-src/core-modules-sources/lib/buffer.js" />
        <root url="file://$USER_HOME$/.WebStorm7/system/extLibs/nodejs-v0.10.18-src/core-modules-sources/lib/child_process.js" />
        <root url="file://$USER_HOME$/.WebStorm7/system/extLibs/nodejs-v0.10.18-src/core-modules-sources/lib/cluster.js" />
        <root url="file://$USER_HOME$/.WebStorm7/system/extLibs/nodejs-v0.10.18-src/core-modules-sources/lib/console.js" />
        <root url="file://$USER_HOME$/.WebStorm7/system/extLibs/nodejs-v0.10.18-src/core-modules-sources/lib/constants.js" />
        <root url="file://$USER_HOME$/.WebStorm7/system/extLibs/nodejs-v0.10.18-src/core-modules-sources/lib/crypto.js" />
        <root url="file://$USER_HOME$/.WebStorm7/system/extLibs/nodejs-v0.10.18-src/core-modules-sources/lib/dgram.js" />
        <root url="file://$USER_HOME$/.WebStorm7/system/extLibs/nodejs-v0.10.18-src/core-modules-sources/lib/dns.js" />
        <root url="file://$USER_HOME$/.WebStorm7/system/extLibs/nodejs-v0.10.18-src/core-modules-sources/lib/domain.js" />
        <root url="file://$USER_HOME$/.WebStorm7/system/extLibs/nodejs-v0.10.18-src/core-modules-sources/lib/events.js" />
        <root url="file://$USER_HOME$/.WebStorm7/system/extLibs/nodejs-v0.10.18-src/core-modules-sources/lib/freelist.js" />
        <root url="file://$USER_HOME$/.WebStorm7/system/extLibs/nodejs-v0.10.18-src/core-modules-sources/lib/fs.js" />
        <root url="file://$USER_HOME$/.WebStorm7/system/extLibs/nodejs-v0.10.18-src/core-modules-sources/lib/http.js" />
        <root url="file://$USER_HOME$/.WebStorm7/system/extLibs/nodejs-v0.10.18-src/core-modules-sources/lib/https.js" />
        <root url="file://$USER_HOME$/.WebStorm7/system/extLibs/nodejs-v0.10.18-src/core-modules-sources/lib/module.js" />
        <root url="file://$USER_HOME$/.WebStorm7/system/extLibs/nodejs-v0.10.18-src/core-modules-sources/lib/net.js" />
        <root url="file://$USER_HOME$/.WebStorm7/system/extLibs/nodejs-v0.10.18-src/core-modules-sources/lib/os.js" />
        <root url="file://$USER_HOME$/.WebStorm7/system/extLibs/nodejs-v0.10.18-src/core-modules-sources/lib/path.js" />
        <root url="file://$USER_HOME$/.WebStorm7/system/extLibs/nodejs-v0.10.18-src/core-modules-sources/lib/punycode.js" />
        <root url="file://$USER_HOME$/.WebStorm7/system/extLibs/nodejs-v0.10.18-src/core-modules-sources/lib/querystring.js" />
        <root url="file://$USER_HOME$/.WebStorm7/system/extLibs/nodejs-v0.10.18-src/core-modules-sources/lib/readline.js" />
        <root url="file://$USER_HOME$/.WebStorm7/system/extLibs/nodejs-v0.10.18-src/core-modules-sources/lib/repl.js" />
        <root url="file://$USER_HOME$/.WebStorm7/system/extLibs/nodejs-v0.10.18-src/core-modules-sources/lib/stream.js" />
        <root url="file://$USER_HOME$/.WebStorm7/system/extLibs/nodejs-v0.10.18-src/core-modules-sources/lib/string_decoder.js" />
        <root url="file://$USER_HOME$/.WebStorm7/system/extLibs/nodejs-v0.10.18-src/core-modules-sources/lib/sys.js" />
        <root url="file://$USER_HOME$/.WebStorm7/system/extLibs/nodejs-v0.10.18-src/core-modules-sources/lib/timers.js" />
        <root url="file://$USER_HOME$/.WebStorm7/system/extLibs/nodejs-v0.10.18-src/core-modules-sources/lib/tls.js" />
        <root url="file://$USER_HOME$/.WebStorm7/system/extLibs/nodejs-v0.10.18-src/core-modules-sources/lib/tty.js" />
        <root url="file://$USER_HOME$/.WebStorm7/system/extLibs/nodejs-v0.10.18-src/core-modules-sources/lib/url.js" />
        <root url="file://$USER_HOME$/.WebStorm7/system/extLibs/nodejs-v0.10.18-src/core-modules-sources/lib/util.js" />
        <root url="file://$USER_HOME$/.WebStorm7/system/extLibs/nodejs-v0.10.18-src/core-modules-sources/lib/vm.js" />
        <root url="file://$USER_HOME$/.WebStorm7/system/extLibs/nodejs-v0.10.18-src/core-modules-sources/lib/zlib.js" />
      </CLASSES>
      <SOURCES />
    </library>
    <library name="Node.js v0.10.24 Core Modules" type="javaScript">
      <properties>
        <option name="frameworkName" value="Node.js Core Modules" />
        <option name="frameworkVersion" value="0.10.24" />
        <sourceFilesUrls>
          <item url="file://$USER_HOME$/.WebStorm8/system/extLibs/nodejs-v0.10.24-src/core-modules-sources/lib/_debugger.js" />
          <item url="file://$USER_HOME$/.WebStorm8/system/extLibs/nodejs-v0.10.24-src/core-modules-sources/lib/_linklist.js" />
          <item url="file://$USER_HOME$/.WebStorm8/system/extLibs/nodejs-v0.10.24-src/core-modules-sources/lib/_stream_duplex.js" />
          <item url="file://$USER_HOME$/.WebStorm8/system/extLibs/nodejs-v0.10.24-src/core-modules-sources/lib/_stream_passthrough.js" />
          <item url="file://$USER_HOME$/.WebStorm8/system/extLibs/nodejs-v0.10.24-src/core-modules-sources/lib/_stream_readable.js" />
          <item url="file://$USER_HOME$/.WebStorm8/system/extLibs/nodejs-v0.10.24-src/core-modules-sources/lib/_stream_transform.js" />
          <item url="file://$USER_HOME$/.WebStorm8/system/extLibs/nodejs-v0.10.24-src/core-modules-sources/lib/_stream_writable.js" />
          <item url="file://$USER_HOME$/.WebStorm8/system/extLibs/nodejs-v0.10.24-src/core-modules-sources/lib/assert.js" />
          <item url="file://$USER_HOME$/.WebStorm8/system/extLibs/nodejs-v0.10.24-src/core-modules-sources/lib/buffer.js" />
          <item url="file://$USER_HOME$/.WebStorm8/system/extLibs/nodejs-v0.10.24-src/core-modules-sources/lib/child_process.js" />
          <item url="file://$USER_HOME$/.WebStorm8/system/extLibs/nodejs-v0.10.24-src/core-modules-sources/lib/cluster.js" />
          <item url="file://$USER_HOME$/.WebStorm8/system/extLibs/nodejs-v0.10.24-src/core-modules-sources/lib/console.js" />
          <item url="file://$USER_HOME$/.WebStorm8/system/extLibs/nodejs-v0.10.24-src/core-modules-sources/lib/constants.js" />
          <item url="file://$USER_HOME$/.WebStorm8/system/extLibs/nodejs-v0.10.24-src/core-modules-sources/lib/crypto.js" />
          <item url="file://$USER_HOME$/.WebStorm8/system/extLibs/nodejs-v0.10.24-src/core-modules-sources/lib/dgram.js" />
          <item url="file://$USER_HOME$/.WebStorm8/system/extLibs/nodejs-v0.10.24-src/core-modules-sources/lib/dns.js" />
          <item url="file://$USER_HOME$/.WebStorm8/system/extLibs/nodejs-v0.10.24-src/core-modules-sources/lib/domain.js" />
          <item url="file://$USER_HOME$/.WebStorm8/system/extLibs/nodejs-v0.10.24-src/core-modules-sources/lib/events.js" />
          <item url="file://$USER_HOME$/.WebStorm8/system/extLibs/nodejs-v0.10.24-src/core-modules-sources/lib/freelist.js" />
          <item url="file://$USER_HOME$/.WebStorm8/system/extLibs/nodejs-v0.10.24-src/core-modules-sources/lib/fs.js" />
          <item url="file://$USER_HOME$/.WebStorm8/system/extLibs/nodejs-v0.10.24-src/core-modules-sources/lib/http.js" />
          <item url="file://$USER_HOME$/.WebStorm8/system/extLibs/nodejs-v0.10.24-src/core-modules-sources/lib/https.js" />
          <item url="file://$USER_HOME$/.WebStorm8/system/extLibs/nodejs-v0.10.24-src/core-modules-sources/lib/module.js" />
          <item url="file://$USER_HOME$/.WebStorm8/system/extLibs/nodejs-v0.10.24-src/core-modules-sources/lib/net.js" />
          <item url="file://$USER_HOME$/.WebStorm8/system/extLibs/nodejs-v0.10.24-src/core-modules-sources/lib/os.js" />
          <item url="file://$USER_HOME$/.WebStorm8/system/extLibs/nodejs-v0.10.24-src/core-modules-sources/lib/path.js" />
          <item url="file://$USER_HOME$/.WebStorm8/system/extLibs/nodejs-v0.10.24-src/core-modules-sources/lib/punycode.js" />
          <item url="file://$USER_HOME$/.WebStorm8/system/extLibs/nodejs-v0.10.24-src/core-modules-sources/lib/querystring.js" />
          <item url="file://$USER_HOME$/.WebStorm8/system/extLibs/nodejs-v0.10.24-src/core-modules-sources/lib/readline.js" />
          <item url="file://$USER_HOME$/.WebStorm8/system/extLibs/nodejs-v0.10.24-src/core-modules-sources/lib/repl.js" />
          <item url="file://$USER_HOME$/.WebStorm8/system/extLibs/nodejs-v0.10.24-src/core-modules-sources/lib/stream.js" />
          <item url="file://$USER_HOME$/.WebStorm8/system/extLibs/nodejs-v0.10.24-src/core-modules-sources/lib/string_decoder.js" />
          <item url="file://$USER_HOME$/.WebStorm8/system/extLibs/nodejs-v0.10.24-src/core-modules-sources/lib/sys.js" />
          <item url="file://$USER_HOME$/.WebStorm8/system/extLibs/nodejs-v0.10.24-src/core-modules-sources/lib/timers.js" />
          <item url="file://$USER_HOME$/.WebStorm8/system/extLibs/nodejs-v0.10.24-src/core-modules-sources/lib/tls.js" />
          <item url="file://$USER_HOME$/.WebStorm8/system/extLibs/nodejs-v0.10.24-src/core-modules-sources/lib/tty.js" />
          <item url="file://$USER_HOME$/.WebStorm8/system/extLibs/nodejs-v0.10.24-src/core-modules-sources/lib/url.js" />
          <item url="file://$USER_HOME$/.WebStorm8/system/extLibs/nodejs-v0.10.24-src/core-modules-sources/lib/util.js" />
          <item url="file://$USER_HOME$/.WebStorm8/system/extLibs/nodejs-v0.10.24-src/core-modules-sources/lib/vm.js" />
          <item url="file://$USER_HOME$/.WebStorm8/system/extLibs/nodejs-v0.10.24-src/core-modules-sources/lib/zlib.js" />
        </sourceFilesUrls>
      </properties>
      <CLASSES>
        <root url="file://$USER_HOME$/.WebStorm8/system/extLibs/nodejs-v0.10.24-src/core-modules-sources/lib/_debugger.js" />
        <root url="file://$USER_HOME$/.WebStorm8/system/extLibs/nodejs-v0.10.24-src/core-modules-sources/lib/_linklist.js" />
        <root url="file://$USER_HOME$/.WebStorm8/system/extLibs/nodejs-v0.10.24-src/core-modules-sources/lib/_stream_duplex.js" />
        <root url="file://$USER_HOME$/.WebStorm8/system/extLibs/nodejs-v0.10.24-src/core-modules-sources/lib/_stream_passthrough.js" />
        <root url="file://$USER_HOME$/.WebStorm8/system/extLibs/nodejs-v0.10.24-src/core-modules-sources/lib/_stream_readable.js" />
        <root url="file://$USER_HOME$/.WebStorm8/system/extLibs/nodejs-v0.10.24-src/core-modules-sources/lib/_stream_transform.js" />
        <root url="file://$USER_HOME$/.WebStorm8/system/extLibs/nodejs-v0.10.24-src/core-modules-sources/lib/_stream_writable.js" />
        <root url="file://$USER_HOME$/.WebStorm8/system/extLibs/nodejs-v0.10.24-src/core-modules-sources/lib/assert.js" />
        <root url="file://$USER_HOME$/.WebStorm8/system/extLibs/nodejs-v0.10.24-src/core-modules-sources/lib/buffer.js" />
        <root url="file://$USER_HOME$/.WebStorm8/system/extLibs/nodejs-v0.10.24-src/core-modules-sources/lib/child_process.js" />
        <root url="file://$USER_HOME$/.WebStorm8/system/extLibs/nodejs-v0.10.24-src/core-modules-sources/lib/cluster.js" />
        <root url="file://$USER_HOME$/.WebStorm8/system/extLibs/nodejs-v0.10.24-src/core-modules-sources/lib/console.js" />
        <root url="file://$USER_HOME$/.WebStorm8/system/extLibs/nodejs-v0.10.24-src/core-modules-sources/lib/constants.js" />
        <root url="file://$USER_HOME$/.WebStorm8/system/extLibs/nodejs-v0.10.24-src/core-modules-sources/lib/crypto.js" />
        <root url="file://$USER_HOME$/.WebStorm8/system/extLibs/nodejs-v0.10.24-src/core-modules-sources/lib/dgram.js" />
        <root url="file://$USER_HOME$/.WebStorm8/system/extLibs/nodejs-v0.10.24-src/core-modules-sources/lib/dns.js" />
        <root url="file://$USER_HOME$/.WebStorm8/system/extLibs/nodejs-v0.10.24-src/core-modules-sources/lib/domain.js" />
        <root url="file://$USER_HOME$/.WebStorm8/system/extLibs/nodejs-v0.10.24-src/core-modules-sources/lib/events.js" />
        <root url="file://$USER_HOME$/.WebStorm8/system/extLibs/nodejs-v0.10.24-src/core-modules-sources/lib/freelist.js" />
        <root url="file://$USER_HOME$/.WebStorm8/system/extLibs/nodejs-v0.10.24-src/core-modules-sources/lib/fs.js" />
        <root url="file://$USER_HOME$/.WebStorm8/system/extLibs/nodejs-v0.10.24-src/core-modules-sources/lib/http.js" />
        <root url="file://$USER_HOME$/.WebStorm8/system/extLibs/nodejs-v0.10.24-src/core-modules-sources/lib/https.js" />
        <root url="file://$USER_HOME$/.WebStorm8/system/extLibs/nodejs-v0.10.24-src/core-modules-sources/lib/module.js" />
        <root url="file://$USER_HOME$/.WebStorm8/system/extLibs/nodejs-v0.10.24-src/core-modules-sources/lib/net.js" />
        <root url="file://$USER_HOME$/.WebStorm8/system/extLibs/nodejs-v0.10.24-src/core-modules-sources/lib/os.js" />
        <root url="file://$USER_HOME$/.WebStorm8/system/extLibs/nodejs-v0.10.24-src/core-modules-sources/lib/path.js" />
        <root url="file://$USER_HOME$/.WebStorm8/system/extLibs/nodejs-v0.10.24-src/core-modules-sources/lib/punycode.js" />
        <root url="file://$USER_HOME$/.WebStorm8/system/extLibs/nodejs-v0.10.24-src/core-modules-sources/lib/querystring.js" />
        <root url="file://$USER_HOME$/.WebStorm8/system/extLibs/nodejs-v0.10.24-src/core-modules-sources/lib/readline.js" />
        <root url="file://$USER_HOME$/.WebStorm8/system/extLibs/nodejs-v0.10.24-src/core-modules-sources/lib/repl.js" />
        <root url="file://$USER_HOME$/.WebStorm8/system/extLibs/nodejs-v0.10.24-src/core-modules-sources/lib/stream.js" />
        <root url="file://$USER_HOME$/.WebStorm8/system/extLibs/nodejs-v0.10.24-src/core-modules-sources/lib/string_decoder.js" />
        <root url="file://$USER_HOME$/.WebStorm8/system/extLibs/nodejs-v0.10.24-src/core-modules-sources/lib/sys.js" />
        <root url="file://$USER_HOME$/.WebStorm8/system/extLibs/nodejs-v0.10.24-src/core-modules-sources/lib/timers.js" />
        <root url="file://$USER_HOME$/.WebStorm8/system/extLibs/nodejs-v0.10.24-src/core-modules-sources/lib/tls.js" />
        <root url="file://$USER_HOME$/.WebStorm8/system/extLibs/nodejs-v0.10.24-src/core-modules-sources/lib/tty.js" />
        <root url="file://$USER_HOME$/.WebStorm8/system/extLibs/nodejs-v0.10.24-src/core-modules-sources/lib/url.js" />
        <root url="file://$USER_HOME$/.WebStorm8/system/extLibs/nodejs-v0.10.24-src/core-modules-sources/lib/util.js" />
        <root url="file://$USER_HOME$/.WebStorm8/system/extLibs/nodejs-v0.10.24-src/core-modules-sources/lib/vm.js" />
        <root url="file://$USER_HOME$/.WebStorm8/system/extLibs/nodejs-v0.10.24-src/core-modules-sources/lib/zlib.js" />
      </CLASSES>
      <SOURCES />
    </library>
    <library name="sass-stdlib">
      <CLASSES>
        <root url="file://$APPLICATION_HOME_DIR$/plugins/sass/lib/stubs/sass_functions.scss" />
      </CLASSES>
      <SOURCES />
    </library>
  </component>
</application>