<application>
  <component name="FileTypeManager" version="18">
    <ignoreFiles list="*.pyc;*.pyo;*.rbc;*~;.DS_Store;.git;.hg;.svn;CVS;RCS;SCCS;__pycache__;_svn;rcs;" />
    <extensionMap>
      <mapping ext="anim" type="JSON" />
      <mapping pattern=".procfile" type="PLAIN_TEXT" />
      <mapping pattern="Relative.ts" type="PLAIN_TEXT" />
      <mapping pattern=".commands" type="PLAIN_TEXT" />
      <mapping pattern="languages" type="PLAIN_TEXT" />
      <mapping pattern="gitignore" type="PLAIN_TEXT" />
      <mapping pattern="LICENSE" type="PLAIN_TEXT" />
      <mapping pattern=".live-server" type="PLAIN_TEXT" />
      <mapping pattern=".foreverignore" type="PLAIN_TEXT" />
      <mapping ext="tmp" type="PLAIN_TEXT" />
      <mapping ext="assetbundle" type="PLAIN_TEXT" />
      <mapping ext="otf" type="PLAIN_TEXT" />
      <mapping ext="map" type="PLAIN_TEXT" />
      <removed_mapping ext="log" approved="true" type="ANSI Aware" />
      <mapping pattern=".gitattributes" type="Gitignore file" />
    </extensionMap>
  </component>
</application>