<application>
  <component name="FindSettings">
    <option name="caseSensitive" value="true" />
    <option name="customScope" value="All Places" />
    <option name="defaultScopeName" value="All Places" />
    <option name="localCaseSensitive" value="true" />
    <option name="CASE_SENSITIVE_SEARCH" value="true" />
    <option name="LOCAL_CASE_SENSITIVE_SEARCH" value="true" />
    <option name="SEARCH_SCOPE" value="All Places" />
    <mask>*.xml</mask>
    <mask>*.css</mask>
    <mask>*.shtml</mask>
    <mask>*.htm</mask>
    <mask>*.shtm</mask>
    <mask>*.sht</mask>
    <mask>*.ng</mask>
    <mask>*.ats</mask>
    <mask>*.cjs</mask>
    <mask>*.js</mask>
    <mask>*score*.*ts</mask>
    <mask>*.json</mask>
    <mask>credit-opinion-*.*</mask>
    <mask>*.ts</mask>
    <mask>*.scss</mask>
    <mask>*.effects.ts</mask>
    <mask>*.component.ts</mask>
    <mask>*.spec.ts</mask>
    <mask>*.html</mask>
  </component>
</application>