<application>
  <component name="MaterialThemeNewConfig">
    <option name="accentState">
      <MTAccentConfigState>
        <option name="accentColorHex" value="6b9bfa" />
      </MTAccentConfigState>
    </option>
    <option name="compactState">
      <MTCompactConfigState>
        <option name="compactTables" value="true" />
      </MTCompactConfigState>
    </option>
    <option name="contrastState">
      <MTContrastConfigState>
        <option name="contrastMode" value="true" />
      </MTContrastConfigState>
    </option>
    <option name="metadata">
      <MTMetadataState>
        <option name="migrated" value="true" />
        <option name="userId" value="-24ebcc75:176f41861ab:-8000" />
        <option name="version" value="8.13.2" />
      </MTMetadataState>
    </option>
    <option name="themeState">
      <MTThemeConfigState>
        <option name="selectedThemeName" value="NATIVE" />
      </MTThemeConfigState>
    </option>
  </component>
</application>