<application>
  <component name="MaterialThemeConfig">
    <option name="compactStatusBar" value="true" />
    <option name="compactTables" value="true" />
    <option name="contrastMode" value="true" />
    <option name="isCompactStatusBar" value="true" />
    <option name="isCompactTables" value="true" />
    <option name="isContrastMode" value="true" />
    <option name="pristineConfig" value="false" />
    <option name="settingsSelectedTab" value="1" />
    <option name="accentColor" value="ff9800" />
    <option name="selectedTheme" value="DARKER" />
    <option name="userId" value="-24ebcc75:176f41861ab:-8000" />
    <option name="version" value="5.5.0" />
  </component>
</application>