<application>
  <component name="MaterialThemeConfig">
    <option name="compactTables" value="true" />
    <option name="isCompactStatusBar" value="true" />
    <option name="isCompactTables" value="true" />
    <option name="isContrastMode" value="true" />
    <option name="isWizardShown" value="true" />
    <option name="pristineConfig" value="false" />
    <option name="treeFontSizeEnabled" value="true" />
    <option name="tabFontSizeEnabled" value="true" />
    <option name="settingsSelectedTab" value="1" />
    <option name="accentColor" value="79c0ff" />
    <option name="secondAccentColor" />
    <option name="highlightColor" />
    <option name="focusColor" />
    <option name="selectedTheme" value="NATIVE" />
    <option name="userId" value="-24ebcc75:176f41861ab:-8000" />
    <option name="version" value="8.13.2" />
  </component>
</application>