<application>
  <component name="ApplicationTasksOptions">
    <TaskOptions isEnabled="true">
      <option name="arguments" value="--sourcemap $FileName$ -t &quot;ES5&quot; --module &quot;amd&quot;" />
      <option name="checkSyntaxErrors" value="false" />
      <option name="description" value="Compiles .ts files into .js files" />
      <option name="exitCodeBehavior" value="ERROR" />
      <option name="fileExtension" value="ts" />
      <option name="immediateSync" value="false" />
      <option name="name" value="TypeScript - AMD" />
      <option name="output" value="$FileNameWithoutExtension$.js:$FileNameWithoutExtension$.js.map" />
      <option name="outputFilters">
        <array>
          <FilterInfo>
            <option name="description" value="tsc error format" />
            <option name="name" value="tsc" />
            <option name="regExp" value="$FILE_PATH$\($LINE$,$COLUMN$\): $MESSAGE$$" />
          </FilterInfo>
        </array>
      </option>
      <option name="outputFromStdout" value="false" />
      <option name="program" value="$USER_HOME$/AppData/Roaming/npm/tsc.cmd" />
      <option name="runOnExternalChanges" value="true" />
      <option name="scopeName" value="AMD" />
      <option name="trackOnlyRoot" value="false" />
      <option name="workingDir" value="$FileDir$" />
      <envs />
    </TaskOptions>
    <TaskOptions isEnabled="true">
      <option name="arguments" value="--sourcemap $FileName$ --module &quot;commonJs&quot;" />
      <option name="checkSyntaxErrors" value="true" />
      <option name="description" value="Compiles .ts files into .js files" />
      <option name="exitCodeBehavior" value="ERROR" />
      <option name="fileExtension" value="ts" />
      <option name="immediateSync" value="false" />
      <option name="name" value="TypeScript" />
      <option name="output" value="$FileNameWithoutExtension$.js:$FileNameWithoutExtension$.js.map" />
      <option name="outputFilters">
        <array>
          <FilterInfo>
            <option name="description" value="tsc error format" />
            <option name="name" value="tsc" />
            <option name="regExp" value="$FILE_PATH$\($LINE$,$COLUMN$\): $MESSAGE$$" />
          </FilterInfo>
        </array>
      </option>
      <option name="outputFromStdout" value="false" />
      <option name="program" value="$USER_HOME$/AppData/Roaming/npm/tsc.cmd" />
      <option name="runOnExternalChanges" value="true" />
      <option name="scopeName" value="Project Files" />
      <option name="trackOnlyRoot" value="false" />
      <option name="workingDir" value="$FileDir$" />
      <envs />
    </TaskOptions>
    <TaskOptions isEnabled="true">
      <option name="arguments" value="--no-color $FileName$" />
      <option name="checkSyntaxErrors" value="true" />
      <option name="description" value="Compiles .less files into .css files" />
      <option name="exitCodeBehavior" value="ERROR" />
      <option name="fileExtension" value="less" />
      <option name="immediateSync" value="true" />
      <option name="name" value="LESS" />
      <option name="output" value="$FileNameWithoutExtension$.css" />
      <option name="outputFilters">
        <array>
          <FilterInfo>
            <option name="description" value="lessc error format" />
            <option name="name" value="lessc" />
            <option name="regExp" value="$MESSAGE$$FILE_PATH$?:$LINE$:$COLUMN$" />
          </FilterInfo>
        </array>
      </option>
      <option name="outputFromStdout" value="true" />
      <option name="program" value="$USER_HOME$/AppData/Roaming/npm/lessc.cmd" />
      <option name="runOnExternalChanges" value="true" />
      <option name="scopeName" value="Project Files" />
      <option name="trackOnlyRoot" value="false" />
      <option name="workingDir" value="$FileDir$" />
      <envs />
    </TaskOptions>
    <TaskOptions isEnabled="true">
      <option name="arguments" value="--sourcemap $FileName$ -t &quot;ES5&quot; --module commonJs" />
      <option name="checkSyntaxErrors" value="true" />
      <option name="description" value="Compiles .ts files into .js files" />
      <option name="exitCodeBehavior" value="ERROR" />
      <option name="fileExtension" value="ts" />
      <option name="immediateSync" value="false" />
      <option name="name" value="TypeScript - CommonJs" />
      <option name="output" value="$FileNameWithoutExtension$.js:$FileNameWithoutExtension$.js.map" />
      <option name="outputFilters">
        <array>
          <FilterInfo>
            <option name="description" value="tsc error format" />
            <option name="name" value="tsc" />
            <option name="regExp" value="$FILE_PATH$\($LINE$,$COLUMN$\): $MESSAGE$$" />
          </FilterInfo>
        </array>
      </option>
      <option name="outputFromStdout" value="false" />
      <option name="program" value="$USER_HOME$/AppData/Roaming/npm/tsc.cmd" />
      <option name="runOnExternalChanges" value="true" />
      <option name="scopeName" value="CommonJs" />
      <option name="trackOnlyRoot" value="false" />
      <option name="workingDir" value="$FileDir$" />
      <envs />
    </TaskOptions>
    <TaskOptions isEnabled="true">
      <option name="arguments" value="$FileName$ $FileNameWithoutExtension$.css --source-map" />
      <option name="checkSyntaxErrors" value="true" />
      <option name="description" />
      <option name="exitCodeBehavior" value="ERROR" />
      <option name="fileExtension" value="less" />
      <option name="immediateSync" value="true" />
      <option name="name" value="Less" />
      <option name="output" value="$FileNameWithoutExtension$.css:$FileNameWithoutExtension$.css.map" />
      <option name="outputFilters">
        <array>
          <FilterInfo>
            <option name="description" value="" />
            <option name="name" value="" />
            <option name="regExp" value="$MESSAGE$\Q in \E$FILE_PATH$\Q on line \E$LINE$\Q, column \E$COLUMN$" />
          </FilterInfo>
        </array>
      </option>
      <option name="outputFromStdout" value="false" />
      <option name="program" value="lessc" />
      <option name="runOnExternalChanges" value="true" />
      <option name="scopeName" value="Project Files" />
      <option name="trackOnlyRoot" value="true" />
      <option name="workingDir" value="$FileDir$" />
      <envs />
    </TaskOptions>
    <TaskOptions isEnabled="true">
      <option name="arguments" value="$FileName$:$FileNameWithoutExtension$.css" />
      <option name="checkSyntaxErrors" value="true" />
      <option name="description" />
      <option name="exitCodeBehavior" value="ERROR" />
      <option name="fileExtension" value="scss" />
      <option name="immediateSync" value="true" />
      <option name="name" value="SCSS" />
      <option name="output" value="$FileNameWithoutExtension$.css:$FileNameWithoutExtension$.css.map" />
      <option name="outputFilters">
        <array />
      </option>
      <option name="outputFromStdout" value="false" />
      <option name="program" value="sass" />
      <option name="runOnExternalChanges" value="true" />
      <option name="scopeName" value="Project Files" />
      <option name="trackOnlyRoot" value="true" />
      <option name="workingDir" value="$FileDir$" />
      <envs />
    </TaskOptions>
  </component>
</application>